{"accuracy": 0.9856502242152466, "recall": 0.9503105590062112}